Location Address,City,State,Location Name
2801 South W.S. Young Dr,Killeen,TX,LWS0209
200 Hwy. 332 East,Lake Jackson,TX,LWS0137
2211 Ih 35 South,San Marcos,TX,LWS0159
4950 Promenade Blvd,Marrero,LA,LWS2975
6400 Brodie Lane,Austin,TX,LWS2513
809 Morrison Drive,Ruston,LA,LWS2418
1000 Gulfgate Center Mall,Houston,TX,LWS1128
20201 N. Ih45,Spring,TX,LWS0563
1470 Austin Highway,San Antonio,TX,LWS1645
201 North New Road,Waco,TX,LWS0129
7355 Fm 1960 Road East,Humble,TX,LWS1530
13201 N Ranch Rd 620 Bldg G,Austin,TX,LWS0590
120 Ridge Way,Flowood,MS,LWS2553
6161 E. Sam Houston Pkwy North,Houston,TX,LWS1145
1351 Manhattan Blvd.,Harvey,LA,LWS1085
305 S. Cities Service Highway,Sulphur,LA,LWS1899
9505 Spring Green Blvd,Katy,TX,LWS3306
14236 Fm2920,Tomball,TX,LWS1052
2800 Derek Drive,Lake Charles,LA,LWS0589
17280 Ih 35 N,Schertz,TX,LWS2824
10303 South Mall Dr.,Baton Rouge,LA,LWS0186
11333 Bandera Rod,San Antonio,TX,LWS1088
12611 Suite 100 Shops Pkwy,Bee Cave,TX,LWS1948
900 West Gibson,Jasper,TX,LWS1769
9020 Highway 603,Waveland,MS,LWS2350
1105 Central Drive,Philadelphia,MS,LWS2208
1490 Highway 15 North,Laurel,MS,LWS2563
8000 Shoal Creek Boulevard,Austin,TX,LWS1727
19225 Gulf Freeway,Webster,TX,LWS0651
3225 Freedom Blvd.,Bryan,TX,LWS0103
120 Sundance Parkway,Round Rock,TX,LWS0778
2816 Highway 14,New Iberia,LA,LWS1107
3700 Sangani Blvd.,Diberville,MS,LWS0690
3301 Denny Avenue,Pascagoula,MS,LWS0712
19935 Katy Freeway,Houston,TX,LWS0098
3726 Ambassador Caffery,Lafayette,LA,LWS0484
1592 Martin Luther King Blvd.,Houma,LA,LWS0596
1777 Millerville Road,Baton Rouge,LA,LWS2484
1530 Airline Road,Corpus Christi,TX,LWS1825
13000 N I35 Svc Rd Sb Bldg 12,Austin,TX,LWS1725
910 East County Line,Ridgeland,MS,LWS2622